{
    "rmse": 1076.1571173298005,
    "mae": 747.793781553079,
    "r2": 0.5739047477365398
}