{
    "rmse": 1096.924724708305,
    "mae": 766.1100645126099,
    "r2": 0.5573005507105656
}